{
    "version": "5.4.3",
    "channels": [
        {
            "channel_title": "About",
            "channel_name": "about",
            "field_groups": [
                "seo_fg"
            ],
            "fields": [
                "en_title",
                "es_title",
                "pt_title",
                "en_rich_text_block",
                "es_rich_text_block",
                "pt_rich_text_block",
                "feature_photo",
                "page_content"
            ],
            "cat_groups": []
        }
    ],
    "field_groups": [
        {
            "name": "seo_fg",
            "fields": [
                "en_seo_description",
                "es_seo_description",
                "pt_seo_description",
                "seo_meta_content",
                "seo_canonical",
                "seo_og_image"
            ]
        }
    ],
    "statuses": [],
    "category_groups": [],
    "upload_destinations": [
        {
            "name": "General Images"
        },
        {
            "name": "Documents"
        }
    ]
}