{
    "version": "5.4.3",
    "channels": [
        {
            "channel_title": "Customer Contract Pricing",
            "channel_name": "customer_contract_pricing",
            "field_groups": [
                "Contract Price FG"
            ],
            "fields": [],
            "cat_groups": []
        }
    ],
    "field_groups": [
        {
            "name": "Contract Price FG",
            "fields": [
                "price",
                "keltec_number",
                "customer_number"
            ]
        }
    ],
    "statuses": [],
    "category_groups": [],
    "upload_destinations": []
}