{
    "version": "5.4.3",
    "channels": [
        {
            "channel_title": "OEM Lookup",
            "channel_name": "oem_lookup",
            "title_field_label": "AM EntryID",
            "field_groups": [
                "Pricing Guide FG"
            ],
            "fields": [],
            "cat_groups": []
        }
    ],
    "field_groups": [
        {
            "name": "Pricing Guide FG",
            "fields": [
                "pg_filename",
                "pg_unique_name",
                "pg_air_supply_number",
                "pg_keltec_number",
                "pg_oem_name",
                "pg_oem_number",
                "pg_item_description",
                "pg_xrow",
                "pg_price",
                "pg_inventory_type",
                "pg_chicopee_number"
            ]
        }
    ],
    "statuses": [],
    "category_groups": [],
    "upload_destinations": []
}