{
    "version": "5.4.3",
    "channels": [
        {
            "channel_title": "Customer Shipping Addresses",
            "channel_name": "customer_shipping_addresses",
            "title_field_label": "Customer Name",
            "field_groups": [
                "Customer Shipping Field Group"
            ],
            "fields": [],
            "cat_groups": []
        }
    ],
    "field_groups": [
        {
            "name": "Customer Shipping Field Group",
            "fields": [
                "customer_number",
                "cs_company",
                "cs_address_1",
                "cs_address_2",
                "cs_city",
                "cs_state",
                "cs_zip",
                "cs_country",
                "cs_contact_name",
                "cs_phone",
                "contact_first_name",
                "contact_last_name",
                "address_number",
                "cs_email"
            ]
        }
    ],
    "statuses": [],
    "category_groups": [],
    "upload_destinations": []
}