{
    "version": "5.2.2",
    "channels": [
        {
            "channel_title": "Product Segment Pages",
            "channel_name": "product_segment_pages",
            "title_field_label": "EN Title",
            "field_groups": [
                "seo_fg"
            ],
            "fields": [
                "en_title",
                "es_title",
                "pt_title",
                "feature_photo",
                "page_content",
                "preview_image"
            ],
            "cat_groups": [
                "Product Categories"
            ]
        }
    ],
    "field_groups": [
        {
            "name": "seo_fg",
            "fields": [
                "en_seo_description",
                "es_seo_description",
                "pt_seo_description",
                "seo_meta_content"
            ]
        }
    ],
    "statuses": [],
    "category_groups": [
        {
            "name": "Product Categories",
            "sort_order": "a",
            "categories": [
                {
                    "cat_name": "Separators",
                    "cat_url_title": "separators",
                    "cat_description": "",
                    "cat_order": "1"
                },
                {
                    "cat_name": "Refrigerate separators",
                    "cat_url_title": "refrigerate-separators",
                    "cat_description": "",
                    "cat_order": "2"
                },
                {
                    "cat_name": "Air filters",
                    "cat_url_title": "air-filters",
                    "cat_description": "",
                    "cat_order": "3"
                },
                {
                    "cat_name": "Oil filters",
                    "cat_url_title": "oil-filters",
                    "cat_description": "",
                    "cat_order": "4"
                },
                {
                    "cat_name": "Lube oil",
                    "cat_url_title": "lube-oil",
                    "cat_description": "",
                    "cat_order": "5"
                },
                {
                    "cat_name": "Coalescing filters \/ housings",
                    "cat_url_title": "coalescing-filters-housings",
                    "cat_description": "",
                    "cat_order": "6"
                },
                {
                    "cat_name": "Dryers",
                    "cat_url_title": "dryers",
                    "cat_description": "",
                    "cat_order": "7"
                },
                {
                    "cat_name": "Chicopee",
                    "cat_url_title": "chicopee",
                    "cat_description": "",
                    "cat_order": "8"
                },
                {
                    "cat_name": "Desiccant",
                    "cat_url_title": "desiccant",
                    "cat_description": "",
                    "cat_order": "9"
                },
                {
                    "cat_name": "Water separators",
                    "cat_url_title": "water-separators",
                    "cat_description": "",
                    "cat_order": "10"
                },
                {
                    "cat_name": "Panel filters\/HVAC",
                    "cat_url_title": "panel-filters-hvac",
                    "cat_description": "",
                    "cat_order": "11"
                }
            ]
        }
    ],
    "upload_destinations": [
        {
            "name": "General Images"
        },
        {
            "name": "Documents"
        }
    ]
}