{
    "version": "5.4.3",
    "channels": [
        {
            "channel_title": "Customer Discounts",
            "channel_name": "customer_discounts",
            "field_groups": [
                "Customer Discounts FG"
            ],
            "fields": [],
            "cat_groups": []
        }
    ],
    "field_groups": [
        {
            "name": "Customer Discounts FG",
            "fields": [
                "class",
                "customer_number",
                "line_discount"
            ]
        }
    ],
    "statuses": [],
    "category_groups": [],
    "upload_destinations": []
}