{
    "version": "5.4.3",
    "channels": [
        {
            "channel_title": "Products",
            "channel_name": "products",
            "title_field_label": "KELTEC Item#",
            "field_groups": [
                "products_fg"
            ],
            "fields": [],
            "cat_groups": [
                "Product Categories"
            ]
        }
    ],
    "field_groups": [
        {
            "name": "products_fg",
            "fields": [
                "description",
                "price",
                "class",
                "photo",
                "inventory",
                "inventory_main",
                "inventory_tx",
                "inventory_nc",
                "weight",
                "in_transit_qty_main",
                "manufactuers_lead_time",
                "on_order_po_main",
                "max_product_discount",
                "price_3",
                "um",
                "inventory_ca",
                "po_req_date_main",
                "buyer",
                "on_order_po_nc",
                "on_order_po_tx",
                "on_order_po_ca",
                "in_transit_qty_nc",
                "in_transit_qty_tx",
                "in_transit_qty_ca",
                "po_req_date_tx",
                "po_req_date_nc",
                "po_req_date_ca"
            ]
        }
    ],
    "statuses": [],
    "category_groups": [
        {
            "name": "Product Categories",
            "sort_order": "a",
            "categories": [
                {
                    "cat_name": "Separators",
                    "cat_url_title": "separators",
                    "cat_description": "",
                    "cat_order": 1
                },
                {
                    "cat_name": "Refrigerate separators",
                    "cat_url_title": "refrigerate-separators",
                    "cat_description": "",
                    "cat_order": 2
                },
                {
                    "cat_name": "Air filters",
                    "cat_url_title": "air-filters",
                    "cat_description": "",
                    "cat_order": 3
                },
                {
                    "cat_name": "Oil filters",
                    "cat_url_title": "oil-filters",
                    "cat_description": "",
                    "cat_order": 4
                },
                {
                    "cat_name": "Lube oil",
                    "cat_url_title": "lube-oil",
                    "cat_description": "",
                    "cat_order": 5
                },
                {
                    "cat_name": "Coalescing filters \/ housings",
                    "cat_url_title": "coalescing-filters-housings",
                    "cat_description": "",
                    "cat_order": 6
                },
                {
                    "cat_name": "Dryers",
                    "cat_url_title": "dryers",
                    "cat_description": "",
                    "cat_order": 7
                },
                {
                    "cat_name": "Chicopee",
                    "cat_url_title": "chicopee",
                    "cat_description": "",
                    "cat_order": 8
                },
                {
                    "cat_name": "Desiccant",
                    "cat_url_title": "desiccant",
                    "cat_description": "",
                    "cat_order": 9
                },
                {
                    "cat_name": "Water separators",
                    "cat_url_title": "water-separators",
                    "cat_description": "",
                    "cat_order": 10
                },
                {
                    "cat_name": "Panel filters\/HVAC",
                    "cat_url_title": "panel-filters-hvac",
                    "cat_description": "",
                    "cat_order": 11
                }
            ]
        }
    ],
    "upload_destinations": [
        {
            "name": "Product Images"
        }
    ]
}