{
    "version": "5.2.2",
    "channels": [
        {
            "channel_title": "Fluid Export Channel",
            "channel_name": "fluid_export_channel",
            "field_groups": [],
            "fields": [
                "page_content"
            ],
            "cat_groups": []
        }
    ],
    "field_groups": [],
    "statuses": [],
    "category_groups": [],
    "upload_destinations": [
        {
            "name": "General Images"
        },
        {
            "name": "Documents"
        }
    ]
}